{
    "details": [],
    "summary": {
        "DDR access data": {
            "DDR bytes per run": 56378496,
            "DDR bytes per second": 14962959450,
            "DDR megabytes per run": 53.767000000000003,
            "DDR megabytes per second": 14269.799999999999,
            "dynamic memory": 20134400,
            "input memory": 614400,
            "intermediate memory": 11123200,
            "loaded bytes per run": 30959488,
            "min memory requirement": 32408816,
            "output memory": 3353600,
            "static memory": 12274416,
            "stored bytes per run": 25419008,
            "temporary memory": 5043200
        },
        "interval info": {
            "interval computing unit utilization": [
                0.95499999999999996,
                0.99399999999999999,
                0.998,
                0.98799999999999999,
                0.997,
                0.99399999999999999,
                0.99099999999999999,
                0.96899999999999997,
                0.94799999999999995,
                0.99399999999999999,
                0.99299999999999999,
                0.91000000000000003,
                0.96999999999999997,
                0.98499999999999999,
                0.96099999999999997,
                0.84199999999999997,
                0.99199999999999999,
                0.996,
                0.99299999999999999,
                0.90600000000000003,
                0.84299999999999997,
                0.876,
                0.41299999999999998,
                0.54500000000000004,
                0.98799999999999999,
                0.997,
                0.999,
                0.999,
                0.999,
                0.999,
                0.16800000000000001,
                0.059999999999999998,
                0.112,
                0.23300000000000001,
                0,
                0.002,
                0.029000000000000001,
                0.112
            ],
            "interval computing units utilization": [
                0.95499999999999996,
                0.99399999999999999,
                0.998,
                0.98799999999999999,
                0.997,
                0.99399999999999999,
                0.99099999999999999,
                0.96899999999999997,
                0.94799999999999995,
                0.99399999999999999,
                0.99299999999999999,
                0.91000000000000003,
                0.96999999999999997,
                0.98499999999999999,
                0.96099999999999997,
                0.84199999999999997,
                0.99199999999999999,
                0.996,
                0.99299999999999999,
                0.90600000000000003,
                0.84299999999999997,
                0.876,
                0.41299999999999998,
                0.54500000000000004,
                0.98799999999999999,
                0.997,
                0.999,
                0.999,
                0.999,
                0.999,
                0.16800000000000001,
                0.059999999999999998,
                0.112,
                0.23300000000000001,
                0,
                0.002,
                0.029000000000000001,
                0.112
            ],
            "interval loading bandwidth (megabytes/s)": [
                4244,
                4039,
                1917,
                3614,
                3781,
                1446,
                7609,
                12024,
                11459,
                6841,
                5440,
                8841,
                11858,
                14847,
                11089,
                6993,
                10860,
                11554,
                7055,
                8273,
                15198,
                14788,
                6640,
                11783,
                20139,
                11766,
                2460,
                1914,
                1093,
                0,
                0,
                164,
                7634,
                19189,
                11719,
                858,
                1724,
                8684
            ],
            "interval number": 38,
            "interval storing bandwidth (megabytes/s)": [
                0,
                0,
                0,
                0,
                2343,
                7031,
                6640,
                1953,
                0,
                2109,
                2109,
                3250,
                5898,
                5772,
                5712,
                14892,
                13671,
                4179,
                2812,
                986,
                8565,
                13041,
                18753,
                22111,
                12741,
                5091,
                1562,
                5078,
                7031,
                4687,
                7031,
                7656,
                2992,
                16007,
                17612,
                4284,
                5541,
                3073
            ],
            "interval time (ms)": 0.10000000000000001
        },
        "layer details": [],
        "model info": {
            "BPU core number": 1,
            "BPU march": "nash-e",
            "compiling HBDK version": "4.2.11",
            "compiling options": "{\"march\": \"nash-e\", \"opt\": 2, \"jobs\": 16, \"max_time_per_fc\": 0, \"debug\": false, \"progress_bar\": true, \"advice\": 0.0, \"balance\": 100, \"input_no_padding\": false, \"output_no_padding\": false}",
            "original conv ops": 34558259200
        },
        "performance": {
            "FPS": 265.39999999999998,
            "latency (ms)": 3.77,
            "latency (us)": 3767.9000000000001,
            "latency (us) by segments": [
                3.0379999999999998,
                0.012,
                0.158,
                0.002,
                0.0070000000000000001,
                0.051999999999999998
            ],
            "multicore sync time (ms)": 0,
            "multicore sync time (us)": 0,
            "run per second": 265.39999999999998
        },
        "tool info": {
            "hbdk version": "4.2.11"
        }
    }
}
